{
  "metadata": {
    "source": "Bangladesh Election Commission - Constituency Delimitation 2025",
    "document": "জাতীয় সংসদের নির্বাচনি এলাকার প্রাথমিক সীমানা পুনঃনির্ধারণ-২০২৫",
    "total_constituencies": 300,
    "generated": "2026-01-10"
  },
  "constituencies": [
    {"code": "1", "name": "Panchagarh-1", "name_bn": "পঞ্চগড়-১", "district": "Panchagarh", "division": "Rangpur", "upazilas": ["Panchagarh Sadar", "Tetulia", "Atwari"]},
    {"code": "2", "name": "Panchagarh-2", "name_bn": "পঞ্চগড়-২", "district": "Panchagarh", "division": "Rangpur", "upazilas": ["Boda", "Debiganj"]},
    {"code": "3", "name": "Thakurgaon-1", "name_bn": "ঠাকুরগাঁও-১", "district": "Thakurgaon", "division": "Rangpur", "upazilas": ["Thakurgaon Sadar"]},
    {"code": "4", "name": "Thakurgaon-2", "name_bn": "ঠাকুরগাঁও-২", "district": "Thakurgaon", "division": "Rangpur", "upazilas": ["Baliadangi", "Haripur", "Ranisankail"]},
    {"code": "5", "name": "Thakurgaon-3", "name_bn": "ঠাকুরগাঁও-৩", "district": "Thakurgaon", "division": "Rangpur", "upazilas": ["Pirganj"]},
    {"code": "6", "name": "Dinajpur-1", "name_bn": "দিনাজপুর-১", "district": "Dinajpur", "division": "Rangpur", "upazilas": ["Birampur", "Birol"]},
    {"code": "7", "name": "Dinajpur-2", "name_bn": "দিনাজপুর-২", "district": "Dinajpur", "division": "Rangpur", "upazilas": ["Bochaganj", "Birganj"]},
    {"code": "8", "name": "Dinajpur-3", "name_bn": "দিনাজপুর-৩", "district": "Dinajpur", "division": "Rangpur", "upazilas": ["Dinajpur Sadar"]},
    {"code": "9", "name": "Dinajpur-4", "name_bn": "দিনাজপুর-৪", "district": "Dinajpur", "division": "Rangpur", "upazilas": ["Ghoraghat", "Chirirbandar"]},
    {"code": "10", "name": "Dinajpur-5", "name_bn": "দিনাজপুর-৫", "district": "Dinajpur", "division": "Rangpur", "upazilas": ["Parbatipur", "Fulbari"]},
    {"code": "11", "name": "Dinajpur-6", "name_bn": "দিনাজপুর-৬", "district": "Dinajpur", "division": "Rangpur", "upazilas": ["Nawabganj", "Birampur", "Hakimpur", "Ghoraghat"]},
    {"code": "12", "name": "Nilphamari-1", "name_bn": "নীলফামারী-১", "district": "Nilphamari", "division": "Rangpur", "upazilas": ["Domar", "Dimla"]},
    {"code": "13", "name": "Nilphamari-2", "name_bn": "নীলফামারী-২", "district": "Nilphamari", "division": "Rangpur", "upazilas": ["Nilphamari Sadar"]},
    {"code": "14", "name": "Nilphamari-3", "name_bn": "নীলফামারী-৩", "district": "Nilphamari", "division": "Rangpur", "upazilas": ["Jaldhaka"]},
    {"code": "15", "name": "Nilphamari-4", "name_bn": "নীলফামারী-৪", "district": "Nilphamari", "division": "Rangpur", "upazilas": ["Saidpur", "Kishoreganj"]},
    {"code": "16", "name": "Lalmonirhat-1", "name_bn": "লালমনিরহাট-১", "district": "Lalmonirhat", "division": "Rangpur", "upazilas": ["Patgram", "Hatibandha"]},
    {"code": "17", "name": "Lalmonirhat-2", "name_bn": "লালমনিরহাট-২", "district": "Lalmonirhat", "division": "Rangpur", "upazilas": ["Kaliganj", "Aditmari"]},
    {"code": "18", "name": "Lalmonirhat-3", "name_bn": "লালমনিরহাট-৩", "district": "Lalmonirhat", "division": "Rangpur", "upazilas": ["Lalmonirhat Sadar"]},
    {"code": "19", "name": "Rangpur-1", "name_bn": "রংপুর-১", "district": "Rangpur", "division": "Rangpur", "upazilas": ["Gangachara", "Rangpur City Corporation"]},
    {"code": "20", "name": "Rangpur-2", "name_bn": "রংপুর-২", "district": "Rangpur", "division": "Rangpur", "upazilas": ["Taraganj", "Badarganj"]},
    {"code": "21", "name": "Rangpur-3", "name_bn": "রংপুর-৩", "district": "Rangpur", "division": "Rangpur", "upazilas": ["Rangpur Sadar", "Rangpur City Corporation"]},
    {"code": "22", "name": "Rangpur-4", "name_bn": "রংপুর-৪", "district": "Rangpur", "division": "Rangpur", "upazilas": ["Pirgacha", "Kaunia"]},
    {"code": "23", "name": "Rangpur-5", "name_bn": "রংপুর-৫", "district": "Rangpur", "division": "Rangpur", "upazilas": ["Mithapukur"]},
    {"code": "24", "name": "Rangpur-6", "name_bn": "রংপুর-৬", "district": "Rangpur", "division": "Rangpur", "upazilas": ["Pirganj"]},
    {"code": "25", "name": "Kurigram-1", "name_bn": "কুড়িগ্রাম-১", "district": "Kurigram", "division": "Rangpur", "upazilas": ["Bhurungamari", "Nageshwari"]},
    {"code": "26", "name": "Kurigram-2", "name_bn": "কুড়িগ্রাম-২", "district": "Kurigram", "division": "Rangpur", "upazilas": ["Kurigram Sadar", "Rajarhat", "Fulbari"]},
    {"code": "27", "name": "Kurigram-3", "name_bn": "কুড়িগ্রাম-৩", "district": "Kurigram", "division": "Rangpur", "upazilas": ["Ulipur"]},
    {"code": "28", "name": "Kurigram-4", "name_bn": "কুড়িগ্রাম-৪", "district": "Kurigram", "division": "Rangpur", "upazilas": ["Rowmari", "Rajibpur", "Chilmari"]},
    {"code": "29", "name": "Gaibandha-1", "name_bn": "গাইবান্ধা-১", "district": "Gaibandha", "division": "Rangpur", "upazilas": ["Sundarganj"]},
    {"code": "30", "name": "Gaibandha-2", "name_bn": "গাইবান্ধা-২", "district": "Gaibandha", "division": "Rangpur", "upazilas": ["Gaibandha Sadar"]},
    {"code": "31", "name": "Gaibandha-3", "name_bn": "গাইবান্ধা-৩", "district": "Gaibandha", "division": "Rangpur", "upazilas": ["Sadullapur", "Palashbari"]},
    {"code": "32", "name": "Gaibandha-4", "name_bn": "গাইবান্ধা-৪", "district": "Gaibandha", "division": "Rangpur", "upazilas": ["Gobindaganj"]},
    {"code": "33", "name": "Gaibandha-5", "name_bn": "গাইবান্ধা-৫", "district": "Gaibandha", "division": "Rangpur", "upazilas": ["Fulchhari", "Saghata"]},
    {"code": "34", "name": "Jaypurhat-1", "name_bn": "জয়পুরহাট-১", "district": "Joypurhat", "division": "Rajshahi", "upazilas": ["Joypurhat Sadar", "Panchbibi"]},
    {"code": "35", "name": "Jaypurhat-2", "name_bn": "জয়পুরহাট-২", "district": "Joypurhat", "division": "Rajshahi", "upazilas": ["Akkelpur", "Khetlal", "Kalai"]},
    {"code": "36", "name": "Bogura-1", "name_bn": "বগুড়া-১", "district": "Bogura", "division": "Rajshahi", "upazilas": ["Sariakandi", "Sonatala"]},
    {"code": "37", "name": "Bogura-2", "name_bn": "বগুড়া-২", "district": "Bogura", "division": "Rajshahi", "upazilas": ["Dhupchanchia", "Shahjahanpur"]},
    {"code": "38", "name": "Bogura-3", "name_bn": "বগুড়া-৩", "district": "Bogura", "division": "Rajshahi", "upazilas": ["Shibganj", "Adamdighi"]},
    {"code": "39", "name": "Bogura-4", "name_bn": "বগুড়া-৪", "district": "Bogura", "division": "Rajshahi", "upazilas": ["Kahalu", "Nandigram"]},
    {"code": "40", "name": "Bogura-5", "name_bn": "বগুড়া-৫", "district": "Bogura", "division": "Rajshahi", "upazilas": ["Bogura Sadar"]},
    {"code": "41", "name": "Bogura-6", "name_bn": "বগুড়া-৬", "district": "Bogura", "division": "Rajshahi", "upazilas": ["Gabtali", "Sherpur"]},
    {"code": "42", "name": "Bogura-7", "name_bn": "বগুড়া-৭", "district": "Bogura", "division": "Rajshahi", "upazilas": ["Dupchanchia", "Kahaloo"]},
    {"code": "43", "name": "Chapainawabganj-1", "name_bn": "চাঁপাইনবাবগঞ্জ-১", "district": "Chapainababganj", "division": "Rajshahi", "upazilas": ["Gomastapur", "Nachole"]},
    {"code": "44", "name": "Chapainawabganj-2", "name_bn": "চাঁপাইনবাবগঞ্জ-২", "district": "Chapainababganj", "division": "Rajshahi", "upazilas": ["Bholahat", "Chapainawabganj Sadar"]},
    {"code": "45", "name": "Chapainawabganj-3", "name_bn": "চাঁপাইনবাবগঞ্জ-৩", "district": "Chapainababganj", "division": "Rajshahi", "upazilas": ["Chapainawabganj Sadar", "Shibganj"]},
    {"code": "46", "name": "Naogaon-1", "name_bn": "নওগাঁ-১", "district": "Naogaon", "division": "Rajshahi", "upazilas": ["Porsha", "Sapahar"]},
    {"code": "47", "name": "Naogaon-2", "name_bn": "নওগাঁ-২", "district": "Naogaon", "division": "Rajshahi", "upazilas": ["Dhamoirhat", "Badalgachhi", "Patnitala"]},
    {"code": "48", "name": "Naogaon-3", "name_bn": "নওগাঁ-৩", "district": "Naogaon", "division": "Rajshahi", "upazilas": ["Naogaon Sadar", "Niamatpur"]},
    {"code": "49", "name": "Naogaon-4", "name_bn": "নওগাঁ-৪", "district": "Naogaon", "division": "Rajshahi", "upazilas": ["Manda", "Mohadevpur"]},
    {"code": "50", "name": "Naogaon-5", "name_bn": "নওগাঁ-৫", "district": "Naogaon", "division": "Rajshahi", "upazilas": ["Naogaon Sadar"]},
    {"code": "51", "name": "Naogaon-6", "name_bn": "নওগাঁ-৬", "district": "Naogaon", "division": "Rajshahi", "upazilas": ["Raninagar", "Atrai"]},
    {"code": "52", "name": "Rajshahi-1", "name_bn": "রাজশাহী-১", "district": "Rajshahi", "division": "Rajshahi", "upazilas": ["Godagari", "Tanore"]},
    {"code": "53", "name": "Rajshahi-2", "name_bn": "রাজশাহী-২", "district": "Rajshahi", "division": "Rajshahi", "upazilas": ["Rajshahi City Corporation"]},
    {"code": "54", "name": "Rajshahi-3", "name_bn": "রাজশাহী-৩", "district": "Rajshahi", "division": "Rajshahi", "upazilas": ["Paba", "Mohanpur"]},
    {"code": "55", "name": "Rajshahi-4", "name_bn": "রাজশাহী-৪", "district": "Rajshahi", "division": "Rajshahi", "upazilas": ["Bagmara"]},
    {"code": "56", "name": "Rajshahi-5", "name_bn": "রাজশাহী-৫", "district": "Rajshahi", "division": "Rajshahi", "upazilas": ["Durgapur", "Puthia"]},
    {"code": "57", "name": "Rajshahi-6", "name_bn": "রাজশাহী-৬", "district": "Rajshahi", "division": "Rajshahi", "upazilas": ["Charghat", "Bagha"]},
    {"code": "58", "name": "Natore-1", "name_bn": "নাটোর-১", "district": "Natore", "division": "Rajshahi", "upazilas": ["Lalpur", "Bagatipara"]},
    {"code": "59", "name": "Natore-2", "name_bn": "নাটোর-২", "district": "Natore", "division": "Rajshahi", "upazilas": ["Natore Sadar", "Naldanga"]},
    {"code": "60", "name": "Natore-3", "name_bn": "নাটোর-৩", "district": "Natore", "division": "Rajshahi", "upazilas": ["Singra"]},
    {"code": "61", "name": "Natore-4", "name_bn": "নাটোর-৪", "district": "Natore", "division": "Rajshahi", "upazilas": ["Gurudaspur", "Baraigram"]},
    {"code": "62", "name": "Sirajganj-1", "name_bn": "সিরাজগঞ্জ-১", "district": "Sirajganj", "division": "Rajshahi", "upazilas": ["Kazipur", "Chowhali"]},
    {"code": "63", "name": "Sirajganj-2", "name_bn": "সিরাজগঞ্জ-২", "district": "Sirajganj", "division": "Rajshahi", "upazilas": ["Sirajganj Sadar", "Kamarkhanda"]},
    {"code": "64", "name": "Sirajganj-3", "name_bn": "সিরাজগঞ্জ-৩", "district": "Sirajganj", "division": "Rajshahi", "upazilas": ["Tarash", "Karimganj"]},
    {"code": "65", "name": "Sirajganj-4", "name_bn": "সিরাজগঞ্জ-৪", "district": "Sirajganj", "division": "Rajshahi", "upazilas": ["Raiganj", "Ullapara"]},
    {"code": "66", "name": "Sirajganj-5", "name_bn": "সিরাজগঞ্জ-৫", "district": "Sirajganj", "division": "Rajshahi", "upazilas": ["Belkuchi", "Chauhali"]},
    {"code": "67", "name": "Sirajganj-6", "name_bn": "সিরাজগঞ্জ-৬", "district": "Sirajganj", "division": "Rajshahi", "upazilas": ["Shahzadpur"]},
    {"code": "68", "name": "Pabna-1", "name_bn": "পাবনা-১", "district": "Pabna", "division": "Rajshahi", "upazilas": ["Santhia", "Bera"]},
    {"code": "69", "name": "Pabna-2", "name_bn": "পাবনা-২", "district": "Pabna", "division": "Rajshahi", "upazilas": ["Sujanagar"]},
    {"code": "70", "name": "Pabna-3", "name_bn": "পাবনা-৩", "district": "Pabna", "division": "Rajshahi", "upazilas": ["Chatmohar", "Bhangura", "Faridpur"]},
    {"code": "71", "name": "Pabna-4", "name_bn": "পাবনা-৪", "district": "Pabna", "division": "Rajshahi", "upazilas": ["Atgharia", "Ishwardi"]},
    {"code": "72", "name": "Pabna-5", "name_bn": "পাবনা-৫", "district": "Pabna", "division": "Rajshahi", "upazilas": ["Pabna Sadar"]},
    {"code": "73", "name": "Meherpur-1", "name_bn": "মেহেরপুর-১", "district": "Meherpur", "division": "Khulna", "upazilas": ["Meherpur Sadar", "Mujibnagar"]},
    {"code": "74", "name": "Meherpur-2", "name_bn": "মেহেরপুর-২", "district": "Meherpur", "division": "Khulna", "upazilas": ["Gangni"]},
    {"code": "75", "name": "Kushtia-1", "name_bn": "কুষ্টিয়া-১", "district": "Kushtia", "division": "Khulna", "upazilas": ["Daulatpur"]},
    {"code": "76", "name": "Kushtia-2", "name_bn": "কুষ্টিয়া-২", "district": "Kushtia", "division": "Khulna", "upazilas": ["Kushtia Sadar", "Mirpur"]},
    {"code": "77", "name": "Kushtia-3", "name_bn": "কুষ্টিয়া-৩", "district": "Kushtia", "division": "Khulna", "upazilas": ["Kumarkhali"]},
    {"code": "78", "name": "Kushtia-4", "name_bn": "কুষ্টিয়া-৪", "district": "Kushtia", "division": "Khulna", "upazilas": ["Bheramara", "Khoksa"]},
    {"code": "79", "name": "Chuadanga-1", "name_bn": "চুয়াডাঙ্গা-১", "district": "Chuadanga", "division": "Khulna", "upazilas": ["Chuadanga Sadar", "Damurhuda"]},
    {"code": "80", "name": "Chuadanga-2", "name_bn": "চুয়াডাঙ্গা-২", "district": "Chuadanga", "division": "Khulna", "upazilas": ["Alamdanga", "Jibannagar"]},
    {"code": "81", "name": "Jhenaidah-1", "name_bn": "ঝিনাইদহ-১", "district": "Jhenaidah", "division": "Khulna", "upazilas": ["Jhenaidah Sadar"]},
    {"code": "82", "name": "Jhenaidah-2", "name_bn": "ঝিনাইদহ-২", "district": "Jhenaidah", "division": "Khulna", "upazilas": ["Shailkupa", "Kotchandpur"]},
    {"code": "83", "name": "Jhenaidah-3", "name_bn": "ঝিনাইদহ-৩", "district": "Jhenaidah", "division": "Khulna", "upazilas": ["Maheshpur", "Kaliganj"]},
    {"code": "84", "name": "Jhenaidah-4", "name_bn": "ঝিনাইদহ-৪", "district": "Jhenaidah", "division": "Khulna", "upazilas": ["Harinakunda"]},
    {"code": "85", "name": "Magura-1", "name_bn": "মাগুরা-১", "district": "Magura", "division": "Khulna", "upazilas": ["Sreepur", "Mohammadpur", "Shalikha"]},
    {"code": "86", "name": "Magura-2", "name_bn": "মাগুরা-২", "district": "Magura", "division": "Khulna", "upazilas": ["Magura Sadar"]},
    {"code": "87", "name": "Narail-1", "name_bn": "নড়াইল-১", "district": "Narail", "division": "Khulna", "upazilas": ["Kalia", "Narail Sadar"]},
    {"code": "88", "name": "Narail-2", "name_bn": "নড়াইল-২", "district": "Narail", "division": "Khulna", "upazilas": ["Lohagara"]},
    {"code": "89", "name": "Jessore-1", "name_bn": "যশোর-১", "district": "Jashore", "division": "Khulna", "upazilas": ["Jashore Sadar"]},
    {"code": "90", "name": "Jessore-2", "name_bn": "যশোর-২", "district": "Jashore", "division": "Khulna", "upazilas": ["Keshabpur", "Manirampur"]},
    {"code": "91", "name": "Jessore-3", "name_bn": "যশোর-৩", "district": "Jashore", "division": "Khulna", "upazilas": ["Jhikargachha", "Sharsha"]},
    {"code": "92", "name": "Jessore-4", "name_bn": "যশোর-৪", "district": "Jashore", "division": "Khulna", "upazilas": ["Bagherpara", "Chaugachha"]},
    {"code": "93", "name": "Jessore-5", "name_bn": "যশোর-৫", "district": "Jashore", "division": "Khulna", "upazilas": ["Abhaynagar"]},
    {"code": "94", "name": "Jessore-6", "name_bn": "যশোর-৬", "district": "Jashore", "division": "Khulna", "upazilas": ["Manirampur", "Sharsha"]},
    {"code": "95", "name": "Bagerhat-1", "name_bn": "বাগেরহাট-১", "district": "Bagerhat", "division": "Khulna", "upazilas": ["Fakirhat", "Bagerhat Sadar", "Chitalmari"]},
    {"code": "96", "name": "Bagerhat-2", "name_bn": "বাগেরহাট-২", "district": "Bagerhat", "division": "Khulna", "upazilas": ["Bagerhat Sadar", "Kachua", "Rampal"]},
    {"code": "97", "name": "Bagerhat-3", "name_bn": "বাগেরহাট-৩", "district": "Bagerhat", "division": "Khulna", "upazilas": ["Morelganj", "Sarankhola"]},
    {"code": "98", "name": "Bagerhat-4", "name_bn": "বাগেরহাট-৪", "district": "Bagerhat", "division": "Khulna", "upazilas": ["Mongla", "Mollahat"]},
    {"code": "99", "name": "Khulna-1", "name_bn": "খুলনা-১", "district": "Khulna", "division": "Khulna", "upazilas": ["Paikgachha", "Koyra"]},
    {"code": "100", "name": "Khulna-2", "name_bn": "খুলনা-২", "district": "Khulna", "division": "Khulna", "upazilas": ["Dumuria", "Batiaghata"]},
    {"code": "101", "name": "Khulna-3", "name_bn": "খুলনা-৩", "district": "Khulna", "division": "Khulna", "upazilas": ["Phultala", "Dighalia"]},
    {"code": "102", "name": "Khulna-4", "name_bn": "খুলনা-৪", "district": "Khulna", "division": "Khulna", "upazilas": ["Khulna Sadar", "Daulatpur"]},
    {"code": "103", "name": "Khulna-5", "name_bn": "খুলনা-৫", "district": "Khulna", "division": "Khulna", "upazilas": ["Terokhada", "Rupsha"]},
    {"code": "104", "name": "Satkhira-1", "name_bn": "সাতক্ষীরা-১", "district": "Satkhira", "division": "Khulna", "upazilas": ["Kalaroa", "Tala"]},
    {"code": "105", "name": "Satkhira-2", "name_bn": "সাতক্ষীরা-২", "district": "Satkhira", "division": "Khulna", "upazilas": ["Satkhira Sadar"]},
    {"code": "106", "name": "Satkhira-3", "name_bn": "সাতক্ষীরা-৩", "district": "Satkhira", "division": "Khulna", "upazilas": ["Kaliganj", "Debhata"]},
    {"code": "107", "name": "Satkhira-4", "name_bn": "সাতক্ষীরা-৪", "district": "Satkhira", "division": "Khulna", "upazilas": ["Assasuni", "Shyamnagar"]},
    {"code": "108", "name": "Barguna-1", "name_bn": "বরগুনা-১", "district": "Barguna", "division": "Barishal", "upazilas": ["Barguna Sadar", "Amtali"]},
    {"code": "109", "name": "Barguna-2", "name_bn": "বরগুনা-২", "district": "Barguna", "division": "Barishal", "upazilas": ["Bamna", "Pathorghata", "Betagi"]},
    {"code": "110", "name": "Patuakhali-1", "name_bn": "পটুয়াখালী-১", "district": "Patuakhali", "division": "Barishal", "upazilas": ["Patuakhali Sadar", "Galachipa"]},
    {"code": "111", "name": "Patuakhali-2", "name_bn": "পটুয়াখালী-২", "district": "Patuakhali", "division": "Barishal", "upazilas": ["Bauphal", "Mirjagang"]},
    {"code": "112", "name": "Patuakhali-3", "name_bn": "পটুয়াখালী-৩", "district": "Patuakhali", "division": "Barishal", "upazilas": ["Dashmina", "Kalapara"]},
    {"code": "113", "name": "Patuakhali-4", "name_bn": "পটুয়াখালী-৪", "district": "Patuakhali", "division": "Barishal", "upazilas": ["Rangabali", "Dumki"]},
    {"code": "114", "name": "Bhola-1", "name_bn": "ভোলা-১", "district": "Bhola", "division": "Barishal", "upazilas": ["Bhola Sadar"]},
    {"code": "115", "name": "Bhola-2", "name_bn": "ভোলা-২", "district": "Bhola", "division": "Barishal", "upazilas": ["Daulatkhan", "Borhanuddin"]},
    {"code": "116", "name": "Bhola-3", "name_bn": "ভোলা-৩", "district": "Bhola", "division": "Barishal", "upazilas": ["Tazumuddin", "Lalmohan"]},
    {"code": "117", "name": "Bhola-4", "name_bn": "ভোলা-৪", "district": "Bhola", "division": "Barishal", "upazilas": ["Manpura", "Charfasson"]},
    {"code": "118", "name": "Barishal-1", "name_bn": "বরিশাল-১", "district": "Barishal", "division": "Barishal", "upazilas": ["Gournadi", "Agailjhara"]},
    {"code": "119", "name": "Barishal-2", "name_bn": "বরিশাল-২", "district": "Barishal", "division": "Barishal", "upazilas": ["Wazirpur", "Banaripara"]},
    {"code": "120", "name": "Barishal-3", "name_bn": "বরিশাল-৩", "district": "Barishal", "division": "Barishal", "upazilas": ["Muladi", "Babuganj"]},
    {"code": "121", "name": "Barishal-4", "name_bn": "বরিশাল-৪", "district": "Barishal", "division": "Barishal", "upazilas": ["Mehendiganj", "Hizla"]},
    {"code": "122", "name": "Barishal-5", "name_bn": "বরিশাল-৫", "district": "Barishal", "division": "Barishal", "upazilas": ["Barishal Sadar", "Barishal City Corporation"]},
    {"code": "123", "name": "Barishal-6", "name_bn": "বরিশাল-৬", "district": "Barishal", "division": "Barishal", "upazilas": ["Bakerganj"]},
    {"code": "124", "name": "Jhalokati-1", "name_bn": "ঝালকাঠি-১", "district": "Jhalokati", "division": "Barishal", "upazilas": ["Rajapur", "Kathalia"]},
    {"code": "125", "name": "Jhalokati-2", "name_bn": "ঝালকাঠি-২", "district": "Jhalokati", "division": "Barishal", "upazilas": ["Jhalokati Sadar", "Nalchity"]},
    {"code": "126", "name": "Pirojpur-1", "name_bn": "পিরোজপুর-১", "district": "Pirojpur", "division": "Barishal", "upazilas": ["Pirojpur Sadar", "Nazirpur", "Indurkani"]},
    {"code": "127", "name": "Pirojpur-2", "name_bn": "পিরোজপুর-২", "district": "Pirojpur", "division": "Barishal", "upazilas": ["Kawkhali", "Bhandaria", "Nesarabad"]},
    {"code": "128", "name": "Pirojpur-3", "name_bn": "পিরোজপুর-৩", "district": "Pirojpur", "division": "Barishal", "upazilas": ["Mathbaria"]},
    {"code": "129", "name": "Tangail-1", "name_bn": "টাঙ্গাইল-১", "district": "Tangail", "division": "Dhaka", "upazilas": ["Madhupur", "Dhanbari"]},
    {"code": "130", "name": "Tangail-2", "name_bn": "টাঙ্গাইল-২", "district": "Tangail", "division": "Dhaka", "upazilas": ["Gopalpur", "Ghatail"]},
    {"code": "131", "name": "Tangail-3", "name_bn": "টাঙ্গাইল-৩", "district": "Tangail", "division": "Dhaka", "upazilas": ["Tangail Sadar", "Kalihati"]},
    {"code": "132", "name": "Tangail-4", "name_bn": "টাঙ্গাইল-৪", "district": "Tangail", "division": "Dhaka", "upazilas": ["Kalihati"]},
    {"code": "133", "name": "Tangail-5", "name_bn": "টাঙ্গাইল-৫", "district": "Tangail", "division": "Dhaka", "upazilas": ["Delduar", "Nagarpur"]},
    {"code": "134", "name": "Tangail-6", "name_bn": "টাঙ্গাইল-৬", "district": "Tangail", "division": "Dhaka", "upazilas": ["Mirzapur", "Sakhipur"]},
    {"code": "135", "name": "Tangail-7", "name_bn": "টাঙ্গাইল-৭", "district": "Tangail", "division": "Dhaka", "upazilas": ["Basail", "Bhuanpur"]},
    {"code": "136", "name": "Tangail-8", "name_bn": "টাঙ্গাইল-৮", "district": "Tangail", "division": "Dhaka", "upazilas": ["Shakhipur"]},
    {"code": "137", "name": "Jamalpur-1", "name_bn": "জামালপুর-১", "district": "Jamalpur", "division": "Mymensingh", "upazilas": ["Bokshiganj", "Dewanganj"]},
    {"code": "138", "name": "Jamalpur-2", "name_bn": "জামালপুর-২", "district": "Jamalpur", "division": "Mymensingh", "upazilas": ["Islampur"]},
    {"code": "139", "name": "Jamalpur-3", "name_bn": "জামালপুর-৩", "district": "Jamalpur", "division": "Mymensingh", "upazilas": ["Madarganj", "Melandah"]},
    {"code": "140", "name": "Jamalpur-4", "name_bn": "জামালপুর-৪", "district": "Jamalpur", "division": "Mymensingh", "upazilas": ["Sarishabari"]},
    {"code": "141", "name": "Jamalpur-5", "name_bn": "জামালপুর-৫", "district": "Jamalpur", "division": "Mymensingh", "upazilas": ["Jamalpur Sadar"]},
    {"code": "142", "name": "Sherpur-1", "name_bn": "শেরপুর-১", "district": "Sherpur", "division": "Mymensingh", "upazilas": ["Sherpur Sadar"]},
    {"code": "143", "name": "Sherpur-2", "name_bn": "শেরপুর-২", "district": "Sherpur", "division": "Mymensingh", "upazilas": ["Nakla", "Nalitabari"]},
    {"code": "144", "name": "Sherpur-3", "name_bn": "শেরপুর-৩", "district": "Sherpur", "division": "Mymensingh", "upazilas": ["Jhenaigati", "Sreebardi"]},
    {"code": "145", "name": "Mymensingh-1", "name_bn": "ময়মনসিংহ-১", "district": "Mymensingh", "division": "Mymensingh", "upazilas": ["Muktagachha"]},
    {"code": "146", "name": "Mymensingh-2", "name_bn": "ময়মনসিংহ-২", "district": "Mymensingh", "division": "Mymensingh", "upazilas": ["Phulpur", "Haluaghat"]},
    {"code": "147", "name": "Mymensingh-3", "name_bn": "ময়মনসিংহ-৩", "district": "Mymensingh", "division": "Mymensingh", "upazilas": ["Dhobaura"]},
    {"code": "148", "name": "Mymensingh-4", "name_bn": "ময়মনসিংহ-৪", "district": "Mymensingh", "division": "Mymensingh", "upazilas": ["Mymensingh City Corporation"]},
    {"code": "149", "name": "Mymensingh-5", "name_bn": "ময়মনসিংহ-৫", "district": "Mymensingh", "division": "Mymensingh", "upazilas": ["Trishal", "Fulpur"]},
    {"code": "150", "name": "Mymensingh-6", "name_bn": "ময়মনসিংহ-৬", "district": "Mymensingh", "division": "Mymensingh", "upazilas": ["Mymensingh Sadar"]},
    {"code": "151", "name": "Mymensingh-7", "name_bn": "ময়মনসিংহ-৭", "district": "Mymensingh", "division": "Mymensingh", "upazilas": ["Nandail"]},
    {"code": "152", "name": "Mymensingh-8", "name_bn": "ময়মনসিংহ-৮", "district": "Mymensingh", "division": "Mymensingh", "upazilas": ["Gaffargaon"]},
    {"code": "153", "name": "Mymensingh-9", "name_bn": "ময়মনসিংহ-৯", "district": "Mymensingh", "division": "Mymensingh", "upazilas": ["Ishwarganj", "Bhaluka"]},
    {"code": "154", "name": "Mymensingh-10", "name_bn": "ময়মনসিংহ-১০", "district": "Mymensingh", "division": "Mymensingh", "upazilas": ["Gauripur"]},
    {"code": "155", "name": "Mymensingh-11", "name_bn": "ময়মনসিংহ-১১", "district": "Mymensingh", "division": "Mymensingh", "upazilas": ["Tarakanda"]},
    {"code": "156", "name": "Netrokona-1", "name_bn": "নেত্রকোণা-১", "district": "Netrakona", "division": "Mymensingh", "upazilas": ["Kalmakanda", "Durgapur"]},
    {"code": "157", "name": "Netrokona-2", "name_bn": "নেত্রকোণা-২", "district": "Netrakona", "division": "Mymensingh", "upazilas": ["Netrakona Sadar", "Barhatta"]},
    {"code": "158", "name": "Netrokona-3", "name_bn": "নেত্রকোণা-৩", "district": "Netrakona", "division": "Mymensingh", "upazilas": ["Atpara", "Khaliajuri"]},
    {"code": "159", "name": "Netrokona-4", "name_bn": "নেত্রকোণা-৪", "district": "Netrakona", "division": "Mymensingh", "upazilas": ["Mohanganj", "Madan", "Khaliajuri"]},
    {"code": "160", "name": "Netrokona-5", "name_bn": "নেত্রকোণা-৫", "district": "Netrakona", "division": "Mymensingh", "upazilas": ["Purbadhala"]},
    {"code": "161", "name": "Kishoreganj-1", "name_bn": "কিশোরগঞ্জ-১", "district": "Kishoreganj", "division": "Dhaka", "upazilas": ["Kishoreganj Sadar", "Hosenspur"]},
    {"code": "162", "name": "Kishoreganj-2", "name_bn": "কিশোরগঞ্জ-২", "district": "Kishoreganj", "division": "Dhaka", "upazilas": ["Katiadi", "Pakundia"]},
    {"code": "163", "name": "Kishoreganj-3", "name_bn": "কিশোরগঞ্জ-৩", "district": "Kishoreganj", "division": "Dhaka", "upazilas": ["Tarail", "Karimganj"]},
    {"code": "164", "name": "Kishoreganj-4", "name_bn": "কিশোরগঞ্জ-৪", "district": "Kishoreganj", "division": "Dhaka", "upazilas": ["Itna", "Mithamoin", "Austagram"]},
    {"code": "165", "name": "Kishoreganj-5", "name_bn": "কিশোরগঞ্জ-৫", "district": "Kishoreganj", "division": "Dhaka", "upazilas": ["Nikli", "Bajitpur"]},
    {"code": "166", "name": "Kishoreganj-6", "name_bn": "কিশোরগঞ্জ-৬", "district": "Kishoreganj", "division": "Dhaka", "upazilas": ["Kuliarchar", "Tairob"]},
    {"code": "167", "name": "Manikganj-1", "name_bn": "মানিকগঞ্জ-১", "district": "Manikganj", "division": "Dhaka", "upazilas": ["Daulatpur", "Ghior", "Shibaloy"]},
    {"code": "168", "name": "Manikganj-2", "name_bn": "মানিকগঞ্জ-২", "district": "Manikganj", "division": "Dhaka", "upazilas": ["Singair", "Harirampur"]},
    {"code": "169", "name": "Manikganj-3", "name_bn": "মানিকগঞ্জ-৩", "district": "Manikganj", "division": "Dhaka", "upazilas": ["Saturia"]},
    {"code": "170", "name": "Munshiganj-1", "name_bn": "মুন্সিগঞ্জ-১", "district": "Munshiganj", "division": "Dhaka", "upazilas": ["Srinagar", "Serajdikhan"]},
    {"code": "171", "name": "Munshiganj-2", "name_bn": "মুন্সিগঞ্জ-২", "district": "Munshiganj", "division": "Dhaka", "upazilas": ["Tongibari", "Louhajang"]},
    {"code": "172", "name": "Munshiganj-3", "name_bn": "মুন্সিগঞ্জ-৩", "district": "Munshiganj", "division": "Dhaka", "upazilas": ["Munshiganj Sadar", "Gazaria"]},
    {"code": "173", "name": "Dhaka-1", "name_bn": "ঢাকা-১", "district": "Dhaka", "division": "Dhaka", "upazilas": ["Dohar", "Nawabganj"]},
    {"code": "174", "name": "Dhaka-2", "name_bn": "ঢাকা-২", "district": "Dhaka", "division": "Dhaka", "upazilas": ["Keraniganj"]},
    {"code": "175", "name": "Dhaka-3", "name_bn": "ঢাকা-৩", "district": "Dhaka", "division": "Dhaka", "upazilas": ["Dhaka City Corporation"]},
    {"code": "176", "name": "Dhaka-4", "name_bn": "ঢাকা-৪", "district": "Dhaka", "division": "Dhaka", "upazilas": ["Dhaka City Corporation"]},
    {"code": "177", "name": "Dhaka-5", "name_bn": "ঢাকা-৫", "district": "Dhaka", "division": "Dhaka", "upazilas": ["Dhaka City Corporation"]},
    {"code": "178", "name": "Dhaka-6", "name_bn": "ঢাকা-৬", "district": "Dhaka", "division": "Dhaka", "upazilas": ["Dhaka City Corporation"]},
    {"code": "179", "name": "Dhaka-7", "name_bn": "ঢাকা-৭", "district": "Dhaka", "division": "Dhaka", "upazilas": ["Dhaka City Corporation"]},
    {"code": "180", "name": "Dhaka-8", "name_bn": "ঢাকা-৮", "district": "Dhaka", "division": "Dhaka", "upazilas": ["Dhaka City Corporation"]},
    {"code": "181", "name": "Dhaka-9", "name_bn": "ঢাকা-৯", "district": "Dhaka", "division": "Dhaka", "upazilas": ["Dhaka City Corporation"]},
    {"code": "182", "name": "Dhaka-10", "name_bn": "ঢাকা-১০", "district": "Dhaka", "division": "Dhaka", "upazilas": ["Dhaka City Corporation"]},
    {"code": "183", "name": "Dhaka-11", "name_bn": "ঢাকা-১১", "district": "Dhaka", "division": "Dhaka", "upazilas": ["Dhaka City Corporation"]},
    {"code": "184", "name": "Dhaka-12", "name_bn": "ঢাকা-১২", "district": "Dhaka", "division": "Dhaka", "upazilas": ["Dhaka City Corporation"]},
    {"code": "185", "name": "Dhaka-13", "name_bn": "ঢাকা-১৩", "district": "Dhaka", "division": "Dhaka", "upazilas": ["Dhaka City Corporation"]},
    {"code": "186", "name": "Dhaka-14", "name_bn": "ঢাকা-১৪", "district": "Dhaka", "division": "Dhaka", "upazilas": ["Dhaka City Corporation"]},
    {"code": "187", "name": "Dhaka-15", "name_bn": "ঢাকা-১৫", "district": "Dhaka", "division": "Dhaka", "upazilas": ["Dhaka City Corporation"]},
    {"code": "188", "name": "Dhaka-16", "name_bn": "ঢাকা-১৬", "district": "Dhaka", "division": "Dhaka", "upazilas": ["Dhaka City Corporation"]},
    {"code": "189", "name": "Dhaka-17", "name_bn": "ঢাকা-১৭", "district": "Dhaka", "division": "Dhaka", "upazilas": ["Dhaka City Corporation"]},
    {"code": "190", "name": "Dhaka-18", "name_bn": "ঢাকা-১৮", "district": "Dhaka", "division": "Dhaka", "upazilas": ["Dhaka City Corporation"]},
    {"code": "191", "name": "Dhaka-19", "name_bn": "ঢাকা-১৯", "district": "Dhaka", "division": "Dhaka", "upazilas": ["Savar"]},
    {"code": "192", "name": "Dhaka-20", "name_bn": "ঢাকা-২০", "district": "Dhaka", "division": "Dhaka", "upazilas": ["Dhamrai"]},
    {"code": "193", "name": "Gazipur-1", "name_bn": "গাজীপুর-১", "district": "Gazipur", "division": "Dhaka", "upazilas": ["Kaliakair"]},
    {"code": "194", "name": "Gazipur-2", "name_bn": "গাজীপুর-২", "district": "Gazipur", "division": "Dhaka", "upazilas": ["Gazipur Sadar", "Gazipur City Corporation"]},
    {"code": "195", "name": "Gazipur-3", "name_bn": "গাজীপুর-৩", "district": "Gazipur", "division": "Dhaka", "upazilas": ["Sreepur"]},
    {"code": "196", "name": "Gazipur-4", "name_bn": "গাজীপুর-৪", "district": "Gazipur", "division": "Dhaka", "upazilas": ["Kapasia", "Kaliganj"]},
    {"code": "197", "name": "Gazipur-5", "name_bn": "গাজীপুর-৫", "district": "Gazipur", "division": "Dhaka", "upazilas": ["Gazipur City Corporation"]},
    {"code": "198", "name": "Narayanganj-1", "name_bn": "নারায়ণগঞ্জ-১", "district": "Narayanganj", "division": "Dhaka", "upazilas": ["Sonargaon"]},
    {"code": "199", "name": "Narayanganj-2", "name_bn": "নারায়ণগঞ্জ-২", "district": "Narayanganj", "division": "Dhaka", "upazilas": ["Rupganj"]},
    {"code": "200", "name": "Narayanganj-3", "name_bn": "নারায়ণগঞ্জ-৩", "district": "Narayanganj", "division": "Dhaka", "upazilas": ["Araihazar"]},
    {"code": "201", "name": "Narayanganj-4", "name_bn": "নারায়ণগঞ্জ-৪", "district": "Narayanganj", "division": "Dhaka", "upazilas": ["Narayanganj Sadar", "Narayanganj City Corporation"]},
    {"code": "202", "name": "Narayanganj-5", "name_bn": "নারায়ণগঞ্জ-৫", "district": "Narayanganj", "division": "Dhaka", "upazilas": ["Bandar"]},
    {"code": "203", "name": "Narayanganj-6", "name_bn": "নারায়ণগঞ্জ-৬", "district": "Narayanganj", "division": "Dhaka", "upazilas": ["Narayanganj City Corporation"]},
    {"code": "204", "name": "Narayanganj-7", "name_bn": "নারায়ণগঞ্জ-৭", "district": "Narayanganj", "division": "Dhaka", "upazilas": ["Narayanganj City Corporation"]},
    {"code": "205", "name": "Narsingdi-1", "name_bn": "নরসিংদী-১", "district": "Narsingdi", "division": "Dhaka", "upazilas": ["Raipura"]},
    {"code": "206", "name": "Narsingdi-2", "name_bn": "নরসিংদী-২", "district": "Narsingdi", "division": "Dhaka", "upazilas": ["Shibpur", "Belabo"]},
    {"code": "207", "name": "Narsingdi-3", "name_bn": "নরসিংদী-৩", "district": "Narsingdi", "division": "Dhaka", "upazilas": ["Palash"]},
    {"code": "208", "name": "Narsingdi-4", "name_bn": "নরসিংদী-৪", "district": "Narsingdi", "division": "Dhaka", "upazilas": ["Narsingdi Sadar"]},
    {"code": "209", "name": "Narsingdi-5", "name_bn": "নরসিংদী-৫", "district": "Narsingdi", "division": "Dhaka", "upazilas": ["Monohardi"]},
    {"code": "210", "name": "Rajbari-1", "name_bn": "রাজবাড়ী-১", "district": "Rajbari", "division": "Dhaka", "upazilas": ["Rajbari Sadar", "Goalanda"]},
    {"code": "211", "name": "Rajbari-2", "name_bn": "রাজবাড়ী-২", "district": "Rajbari", "division": "Dhaka", "upazilas": ["Pangsha", "Baliakandi", "Kalukhali"]},
    {"code": "212", "name": "Faridpur-1", "name_bn": "ফরিদপুর-১", "district": "Faridpur", "division": "Dhaka", "upazilas": ["Nagarkanda", "Saltha"]},
    {"code": "213", "name": "Faridpur-2", "name_bn": "ফরিদপুর-২", "district": "Faridpur", "division": "Dhaka", "upazilas": ["Faridpur Sadar", "Nagarakanda"]},
    {"code": "214", "name": "Faridpur-3", "name_bn": "ফরিদপুর-৩", "district": "Faridpur", "division": "Dhaka", "upazilas": ["Boalmari", "Alfadanga"]},
    {"code": "215", "name": "Faridpur-4", "name_bn": "ফরিদপুর-৪", "district": "Faridpur", "division": "Dhaka", "upazilas": ["Sadarpur", "Bhanga", "Char Bhadrasan"]},
    {"code": "216", "name": "Gopalganj-1", "name_bn": "গোপালগঞ্জ-১", "district": "Gopalganj", "division": "Dhaka", "upazilas": ["Muksudpur", "Kashiani"]},
    {"code": "217", "name": "Gopalganj-2", "name_bn": "গোপালগঞ্জ-২", "district": "Gopalganj", "division": "Dhaka", "upazilas": ["Gopalganj Sadar", "Kotalipara"]},
    {"code": "218", "name": "Gopalganj-3", "name_bn": "গোপালগঞ্জ-৩", "district": "Gopalganj", "division": "Dhaka", "upazilas": ["Tungipara", "Kotallipara"]},
    {"code": "219", "name": "Madaripur-1", "name_bn": "মাদারীপুর-১", "district": "Madaripur", "division": "Dhaka", "upazilas": ["Shibchar", "Kalkini"]},
    {"code": "220", "name": "Madaripur-2", "name_bn": "মাদারীপুর-২", "district": "Madaripur", "division": "Dhaka", "upazilas": ["Madaripur Sadar", "Rajoir"]},
    {"code": "221", "name": "Shariatpur-1", "name_bn": "শরীয়তপুর-১", "district": "Shariatpur", "division": "Dhaka", "upazilas": ["Shariatpur Sadar", "Jajira"]},
    {"code": "222", "name": "Shariatpur-2", "name_bn": "শরীয়তপুর-২", "district": "Shariatpur", "division": "Dhaka", "upazilas": ["Naria", "Bhedarganj"]},
    {"code": "223", "name": "Shariatpur-3", "name_bn": "শরীয়তপুর-৩", "district": "Shariatpur", "division": "Dhaka", "upazilas": ["Damudya", "Gosairhat"]},
    {"code": "224", "name": "Sunamganj-1", "name_bn": "সুনামগঞ্জ-১", "district": "Sunamganj", "division": "Sylhet", "upazilas": ["Dharmapasha", "Madhyanagar", "Tahirpur"]},
    {"code": "225", "name": "Sunamganj-2", "name_bn": "সুনামগঞ্জ-২", "district": "Sunamganj", "division": "Sylhet", "upazilas": ["Dirai", "Shalla"]},
    {"code": "226", "name": "Sunamganj-3", "name_bn": "সুনামগঞ্জ-৩", "district": "Sunamganj", "division": "Sylhet", "upazilas": ["Jagannathpur", "Shanthiganj"]},
    {"code": "227", "name": "Sunamganj-4", "name_bn": "সুনামগঞ্জ-৪", "district": "Sunamganj", "division": "Sylhet", "upazilas": ["Sunamganj Sadar", "Bishwambharpur"]},
    {"code": "228", "name": "Sunamganj-5", "name_bn": "সুনামগঞ্জ-৫", "district": "Sunamganj", "division": "Sylhet", "upazilas": ["Dowarabazar", "Chhatak"]},
    {"code": "229", "name": "Sylhet-1", "name_bn": "সিলেট-১", "district": "Sylhet", "division": "Sylhet", "upazilas": ["Sylhet City Corporation"]},
    {"code": "230", "name": "Sylhet-2", "name_bn": "সিলেট-২", "district": "Sylhet", "division": "Sylhet", "upazilas": ["Bishwanath", "Osmani Nagar"]},
    {"code": "231", "name": "Sylhet-3", "name_bn": "সিলেট-৩", "district": "Sylhet", "division": "Sylhet", "upazilas": ["Sylhet Sadar", "Dakshin Surma"]},
    {"code": "232", "name": "Sylhet-4", "name_bn": "সিলেট-৪", "district": "Sylhet", "division": "Sylhet", "upazilas": ["Companiganj", "Gowainghat", "Jaintiapur"]},
    {"code": "233", "name": "Sylhet-5", "name_bn": "সিলেট-৫", "district": "Sylhet", "division": "Sylhet", "upazilas": ["Kanaighat", "Zakiganj"]},
    {"code": "234", "name": "Sylhet-6", "name_bn": "সিলেট-৬", "district": "Sylhet", "division": "Sylhet", "upazilas": ["Balaganj", "Beanibazar", "Fenchuganj"]},
    {"code": "235", "name": "Moulvibazar-1", "name_bn": "মৌলভীবাজার-১", "district": "Moulvibazar", "division": "Sylhet", "upazilas": ["Sreemangal", "Kamalganj"]},
    {"code": "236", "name": "Moulvibazar-2", "name_bn": "মৌলভীবাজার-২", "district": "Moulvibazar", "division": "Sylhet", "upazilas": ["Moulvibazar Sadar", "Kulaura"]},
    {"code": "237", "name": "Moulvibazar-3", "name_bn": "মৌলভীবাজার-৩", "district": "Moulvibazar", "division": "Sylhet", "upazilas": ["Rajnagar", "Juri", "Barlekha"]},
    {"code": "238", "name": "Habiganj-1", "name_bn": "হবিগঞ্জ-১", "district": "Habiganj", "division": "Sylhet", "upazilas": ["Chunarughat", "Madhabpur"]},
    {"code": "239", "name": "Habiganj-2", "name_bn": "হবিগঞ্জ-২", "district": "Habiganj", "division": "Sylhet", "upazilas": ["Bahubal", "Habiganj Sadar"]},
    {"code": "240", "name": "Habiganj-3", "name_bn": "হবিগঞ্জ-৩", "district": "Habiganj", "division": "Sylhet", "upazilas": ["Lakhai", "Nabiganj"]},
    {"code": "241", "name": "Habiganj-4", "name_bn": "হবিগঞ্জ-৪", "district": "Habiganj", "division": "Sylhet", "upazilas": ["Baniachong", "Ajmiriganj"]},
    {"code": "242", "name": "Brahmanbaria-1", "name_bn": "ব্রাহ্মণবাড়িয়া-১", "district": "Brahmanbaria", "division": "Chattogram", "upazilas": ["Ashuganj", "Nabinagar"]},
    {"code": "243", "name": "Brahmanbaria-2", "name_bn": "ব্রাহ্মণবাড়িয়া-২", "district": "Brahmanbaria", "division": "Chattogram", "upazilas": ["Brahmanbaria Sadar", "Nasirnagar"]},
    {"code": "244", "name": "Brahmanbaria-3", "name_bn": "ব্রাহ্মণবাড়িয়া-৩", "district": "Brahmanbaria", "division": "Chattogram", "upazilas": ["Kasba", "Akhaura"]},
    {"code": "245", "name": "Brahmanbaria-4", "name_bn": "ব্রাহ্মণবাড়িয়া-৪", "district": "Brahmanbaria", "division": "Chattogram", "upazilas": ["Sarail", "Bijoynagar"]},
    {"code": "246", "name": "Brahmanbaria-5", "name_bn": "ব্রাহ্মণবাড়িয়া-৫", "district": "Brahmanbaria", "division": "Chattogram", "upazilas": ["Banchharampur"]},
    {"code": "247", "name": "Cumilla-1", "name_bn": "কুমিল্লা-১", "district": "Cumilla", "division": "Chattogram", "upazilas": ["Debidwar", "Muradnagar"]},
    {"code": "248", "name": "Cumilla-2", "name_bn": "কুমিল্লা-২", "district": "Cumilla", "division": "Chattogram", "upazilas": ["Burichang", "Brahmanpara"]},
    {"code": "249", "name": "Cumilla-3", "name_bn": "কুমিল্লা-৩", "district": "Cumilla", "division": "Chattogram", "upazilas": ["Sadar Dakshin", "Cumilla City Corporation"]},
    {"code": "250", "name": "Cumilla-4", "name_bn": "কুমিল্লা-৪", "district": "Cumilla", "division": "Chattogram", "upazilas": ["Adarsha Sadar"]},
    {"code": "251", "name": "Cumilla-5", "name_bn": "কুমিল্লা-৫", "district": "Cumilla", "division": "Chattogram", "upazilas": ["Nangalkot", "Laksham"]},
    {"code": "252", "name": "Cumilla-6", "name_bn": "কুমিল্লা-৬", "district": "Cumilla", "division": "Chattogram", "upazilas": ["Homna", "Meghna", "Titas"]},
    {"code": "253", "name": "Cumilla-7", "name_bn": "কুমিল্লা-৭", "district": "Cumilla", "division": "Chattogram", "upazilas": ["Daudkandi", "Chandina"]},
    {"code": "254", "name": "Cumilla-8", "name_bn": "কুমিল্লা-৮", "district": "Cumilla", "division": "Chattogram", "upazilas": ["Barura", "Laksam"]},
    {"code": "255", "name": "Cumilla-9", "name_bn": "কুমিল্লা-৯", "district": "Cumilla", "division": "Chattogram", "upazilas": ["Chauddagram", "Monohargonj"]},
    {"code": "256", "name": "Chandpur-1", "name_bn": "চাঁদপুর-১", "district": "Chandpur", "division": "Chattogram", "upazilas": ["Chandpur Sadar", "Faridganj"]},
    {"code": "257", "name": "Chandpur-2", "name_bn": "চাঁদপুর-২", "district": "Chandpur", "division": "Chattogram", "upazilas": ["Haimchar", "Kachua"]},
    {"code": "258", "name": "Chandpur-3", "name_bn": "চাঁদপুর-৩", "district": "Chandpur", "division": "Chattogram", "upazilas": ["Hajiganj", "Shahrasti"]},
    {"code": "259", "name": "Chandpur-4", "name_bn": "চাঁদপুর-৪", "district": "Chandpur", "division": "Chattogram", "upazilas": ["Matlab Dakshin"]},
    {"code": "260", "name": "Chandpur-5", "name_bn": "চাঁদপুর-৫", "district": "Chandpur", "division": "Chattogram", "upazilas": ["Matlab Uttar"]},
    {"code": "261", "name": "Feni-1", "name_bn": "ফেনী-১", "district": "Feni", "division": "Chattogram", "upazilas": ["Feni Sadar", "Chhagalnaiya"]},
    {"code": "262", "name": "Feni-2", "name_bn": "ফেনী-২", "district": "Feni", "division": "Chattogram", "upazilas": ["Daganbhuiyan", "Sonagazi", "Parshuram", "Fulgazi"]},
    {"code": "263", "name": "Lakshmipur-1", "name_bn": "লক্ষ্মীপুর-১", "district": "Lakshmipur", "division": "Chattogram", "upazilas": ["Lakshmipur Sadar"]},
    {"code": "264", "name": "Lakshmipur-2", "name_bn": "লক্ষ্মীপুর-২", "district": "Lakshmipur", "division": "Chattogram", "upazilas": ["Raipur", "Ramganj"]},
    {"code": "265", "name": "Lakshmipur-3", "name_bn": "লক্ষ্মীপুর-৩", "district": "Lakshmipur", "division": "Chattogram", "upazilas": ["Ramgati", "Kamalnagar"]},
    {"code": "266", "name": "Noakhali-1", "name_bn": "নোয়াখালী-১", "district": "Noakhali", "division": "Chattogram", "upazilas": ["Begumganj", "Senbagh"]},
    {"code": "267", "name": "Noakhali-2", "name_bn": "নোয়াখালী-২", "district": "Noakhali", "division": "Chattogram", "upazilas": ["Noakhali Sadar", "Companiganj"]},
    {"code": "268", "name": "Noakhali-3", "name_bn": "নোয়াখালী-৩", "district": "Noakhali", "division": "Chattogram", "upazilas": ["Chatkhil", "Sonaimuri"]},
    {"code": "269", "name": "Noakhali-4", "name_bn": "নোয়াখালী-৪", "district": "Noakhali", "division": "Chattogram", "upazilas": ["Subarnachar", "Hatiya"]},
    {"code": "270", "name": "Chattogram-1", "name_bn": "চট্টগ্রাম-১", "district": "Chattogram", "division": "Chattogram", "upazilas": ["Fatikchhari"]},
    {"code": "271", "name": "Chattogram-2", "name_bn": "চট্টগ্রাম-২", "district": "Chattogram", "division": "Chattogram", "upazilas": ["Mirsharai", "Sitakunda"]},
    {"code": "272", "name": "Chattogram-3", "name_bn": "চট্টগ্রাম-৩", "district": "Chattogram", "division": "Chattogram", "upazilas": ["Sandwip"]},
    {"code": "273", "name": "Chattogram-4", "name_bn": "চট্টগ্রাম-৪", "district": "Chattogram", "division": "Chattogram", "upazilas": ["Hathazari"]},
    {"code": "274", "name": "Chattogram-5", "name_bn": "চট্টগ্রাম-৫", "district": "Chattogram", "division": "Chattogram", "upazilas": ["Rangunia"]},
    {"code": "275", "name": "Chattogram-6", "name_bn": "চট্টগ্রাম-৬", "district": "Chattogram", "division": "Chattogram", "upazilas": ["Raozan"]},
    {"code": "276", "name": "Chattogram-7", "name_bn": "চট্টগ্রাম-৭", "district": "Chattogram", "division": "Chattogram", "upazilas": ["Chandanaish", "Satkania"]},
    {"code": "277", "name": "Chattogram-8", "name_bn": "চট্টগ্রাম-৮", "district": "Chattogram", "division": "Chattogram", "upazilas": ["Lohagara", "Patiya"]},
    {"code": "278", "name": "Chattogram-9", "name_bn": "চট্টগ্রাম-৯", "district": "Chattogram", "division": "Chattogram", "upazilas": ["Boalkhali"]},
    {"code": "279", "name": "Chattogram-10", "name_bn": "চট্টগ্রাম-১০", "district": "Chattogram", "division": "Chattogram", "upazilas": ["Anwara", "Karnaphuli"]},
    {"code": "280", "name": "Chattogram-11", "name_bn": "চট্টগ্রাম-১১", "district": "Chattogram", "division": "Chattogram", "upazilas": ["Banshkhali"]},
    {"code": "281", "name": "Chattogram-12", "name_bn": "চট্টগ্রাম-১২", "district": "Chattogram", "division": "Chattogram", "upazilas": ["Patiya"]},
    {"code": "282", "name": "Chattogram-13", "name_bn": "চট্টগ্রাম-১৩", "district": "Chattogram", "division": "Chattogram", "upazilas": ["Chattogram City Corporation"]},
    {"code": "283", "name": "Chattogram-14", "name_bn": "চট্টগ্রাম-১৪", "district": "Chattogram", "division": "Chattogram", "upazilas": ["Chattogram City Corporation"]},
    {"code": "284", "name": "Chattogram-15", "name_bn": "চট্টগ্রাম-১৫", "district": "Chattogram", "division": "Chattogram", "upazilas": ["Chattogram City Corporation"]},
    {"code": "285", "name": "Chattogram-16", "name_bn": "চট্টগ্রাম-১৬", "district": "Chattogram", "division": "Chattogram", "upazilas": ["Chattogram City Corporation"]},
    {"code": "286", "name": "Cox's Bazar-1", "name_bn": "কক্সবাজার-১", "district": "Cox's Bazar", "division": "Chattogram", "upazilas": ["Chakaria", "Pekua"]},
    {"code": "287", "name": "Cox's Bazar-2", "name_bn": "কক্সবাজার-২", "district": "Cox's Bazar", "division": "Chattogram", "upazilas": ["Cox's Bazar Sadar", "Ramu"]},
    {"code": "288", "name": "Cox's Bazar-3", "name_bn": "কক্সবাজার-৩", "district": "Cox's Bazar", "division": "Chattogram", "upazilas": ["Maheshkhali", "Kutubdia"]},
    {"code": "289", "name": "Cox's Bazar-4", "name_bn": "কক্সবাজার-৪", "district": "Cox's Bazar", "division": "Chattogram", "upazilas": ["Ukhiya", "Teknaf"]},
    {"code": "290", "name": "Chattogram-17", "name_bn": "চট্টগ্রাম-১৭", "district": "Chattogram", "division": "Chattogram", "upazilas": ["Chattogram City Corporation"]},
    {"code": "291", "name": "Chattogram-18", "name_bn": "চট্টগ্রাম-১৮", "district": "Chattogram", "division": "Chattogram", "upazilas": ["Chattogram City Corporation"]},
    {"code": "292", "name": "Comilla-10", "name_bn": "কুমিল্লা-১০", "district": "Cumilla", "division": "Chattogram", "upazilas": ["Saatkaniya"]},
    {"code": "293", "name": "Comilla-11", "name_bn": "কুমিল্লা-১১", "district": "Cumilla", "division": "Chattogram", "upazilas": ["Chandina"]},
    {"code": "294", "name": "Cox's Bazar-5", "name_bn": "কক্সবাজার-৫", "district": "Cox's Bazar", "division": "Chattogram", "upazilas": ["Eidgaon"]},
    {"code": "295", "name": "Cox's Bazar-6", "name_bn": "কক্সবাজার-৬", "district": "Cox's Bazar", "division": "Chattogram", "upazilas": ["Cox's Bazar Sadar", "Teknaf"]},
    {"code": "296", "name": "Cox's Bazar-7", "name_bn": "কক্সবাজার-৭", "district": "Cox's Bazar", "division": "Chattogram", "upazilas": ["Ukhiya"]},
    {"code": "297", "name": "Cox's Bazar-8", "name_bn": "কক্সবাজার-৮", "district": "Cox's Bazar", "division": "Chattogram", "upazilas": ["Ramu"]},
    {"code": "298", "name": "Khagrachhari", "name_bn": "খাগড়াছড়ি", "district": "Khagrachhari", "division": "Chattogram", "upazilas": ["Khagrachhari Sadar", "Dighinala", "Panchari", "Mahalchhari", "Manikchhari", "Ramgarh", "Matiranga", "Lakkhichhari", "Guimara"]},
    {"code": "299", "name": "Rangamati", "name_bn": "রাঙ্গামাটি", "district": "Rangamati", "division": "Chattogram", "upazilas": ["Rangamati Sadar", "Kaptai", "Naniarchar", "Kawkhali", "Rajasthali", "Belaichhari", "Langadu", "Baghaichhari", "Barkal", "Jurachhari"]},
    {"code": "300", "name": "Bandarban", "name_bn": "বান্দরবান", "district": "Bandarban", "division": "Chattogram", "upazilas": ["Bandarban Sadar", "Alikadam", "Naikkhongchhari", "Rowangchhari", "Lama", "Ruma", "Thanchi"]}
  ]
}
